"uniqueId","name","gender","group","qrCodeUrl","photoUrl"
"BEN-2025-0001","John Doe","Male","Group A","/qrcodes/BEN-2025-0001.png",
"BEN-2025-0002","Jane Smith","Female","Group B","/qrcodes/BEN-2025-0002.png",
"BEN-2025-0003","Robert Johnson","Male","Group A","/qrcodes/BEN-2025-0003.png",
"BEN-2025-0004","Emily Davis","Female","Group C","/qrcodes/BEN-2025-0004.png",
"BEN-2025-0005","Michael Wilson","Male","Group B","/qrcodes/BEN-2025-0005.png",
"BEN-2025-0006","Sarah Brown","Female","Group A","/qrcodes/BEN-2025-0006.png",
"BEN-2025-0007","David Taylor","Male","Group C","/qrcodes/BEN-2025-0007.png",
"BEN-2025-0008","Lisa Anderson","Female","Group B","/qrcodes/BEN-2025-0008.png",
"BEN-2025-0009","James Thomas","Male","Group A","/qrcodes/BEN-2025-0009.png",
"BEN-2025-0010","Jennifer Jackson","Female","Group C","/qrcodes/BEN-2025-0010.png",